Odor_id,Odor_name
7439,Carvone
14525,Fenchone
8129,1-Heptanol
8103,1-Hexanol
8914,Nonan-1-ol
18827,1-Octen-3-OL
6276,1-Pentanol
650,"2,3-Butanedione"
8461,"2,4-Dinitrotoluene"
6569,Methyl Ethyl Ketone
10976,2-Heptanol
8051,2-Heptanone
18522,2-Methyltetrahydrofuran-3-one
7895,2-Pentanone
3776,Isopropyl Alcohol
11509,3-Hexanone
246728,3-Octanone
9862,6-Methyl-5-hepten-2-one
175,Acetate
179,Acetoin
7410,Acetophenone
6654,alpha-PINENE
240,Benzaldehyde
11529,Butyl propionate
264,Butyric Acid
273,Cadaverine
7794,Citronellal
62378,Dihydrojasmone
402,Hydrogen Sulfide
22311,Limonene
174,Ethylene Glycol
62572,Ethyl 3-hydroxybutyrate
8857,Ethyl Acetate
7749,Ethyl propionate
12191,"2-Butenoic acid, ethyl ester"
7344,Ethyl lactate
6184,Hexanal
798,Indole
6590,Isobutyric acid
91604,Lyral
1254,Menthol
7128,Methyl isoeugenol
6584,Methyl acetate
4133,Methyl Salicylate
335,o-Cresol
454,Octanal
998,Phenylacetaldehyde
6054,2-Phenylethanol
1032,Propionic Acid
7997,Propyl acetate
1049,Pyridine
31268,Pyrrolidine
19801,Dec-2-enal
10460,Hexenal
9251,Thietane
9855795,Valencene
8468,Vanillic Acid
31272,Butyl acetate
7165,Ethyl benzoate
7342,Ethyl isobutyrate
12180,Methyl butyrate
7824,Methyl hexanoate
11124,Methyl propionate
12348,Pentyl acetate
NA, Cider,
NA, Apple Juice
